<Packages>
    <ApplicationName>MSYS2</ApplicationName>
    <ApplicationVersion>1.0.0</ApplicationVersion>
    <Package>
        <Name>com.msys2.root</Name>
        <Title>MSYS2</Title>
        <Description>Cygwin-derived Posix-like env. for Windows with Arch Linux's Pacman</Description>
        <SortingPriority>0</SortingPriority>
        <TreeName moveChildren="false"></TreeName>
        <Version>20241208</Version>
        <LastUpdateDate></LastUpdateDate>
        <InstallDate>2025-02-10</InstallDate>
        <Size>283142157</Size>
        <Checkable>true</Checkable>
    </Package>
</Packages>
